,,,,
PRODUITS DE FORMULATION DE CHIMIE INORGANIQUE ,,,,
,,,,
Produits,Fournisseur,Quantité,Fonction,Lieu de stockage,Seuil
Acide azélaic,Esperis,1kg,,réserve,1
Acide citrique,Aromazone,200 g,ajusteur de pH,armoire,1
Acide hyaluronique,Aromazone,5 g,actif cosmétique,armoire,1
Acide lactique,Aromazone,100 mL,ajusteur de pH,armoire,1
Acide sébacique ,-,250 g,,réserve,1
Acide stéarique,Aromazone,500 g,agent de texture,armoire,1
ACUSOL 830 ,-,500g,,réserve,1
AEROSIL 200 ,Salfic Alcan,100 g,épaississant,réserve,1
Agar agar,Aromazone,50g,gélifiant,armoire,1
Alcool cétylique,Aromazone,500g,émulsionnant/stabilisateur d émulsion,armoire,1
Algo'zinc,,30 ml,purifiant,armoire,1
Aloé Véra,Aromazone,200 mL,nutritif,armoire,1
Aloé véra,My Cosmetik,200 ml,actif cosmétique,armoire,1
Argile blanche,Aromazone,200 g,actif cosmétique,armoire,1
Argile blanche rosé,Aromazone,1 kg,actif cosmétique,armoire,1
Argile verte,Aromazone,100g,actif cosmétique,armoire,1
Arôme amande amère,Aromatica,50 ml,arôme alimentaire,armoire,1
Arôme banane,Aromatica,50 ml,arôme alimentaire,armoire,1
Arôme cacao,Aromatica,51 ml,arôme alimentaire,armoire,1
Arôme fraise,Aromatica,50 ml,arôme alimentaire,armoire,1
Arôme noix de coco,Aromatica,25 ml,arôme alimentaire,armoire,1
Arôme pêche,Aromatica,50 ml,arôme alimentaire,armoire,1
Arôme pomme,Aromatica,20 ml,arôme alimentaire,armoire,1
Arôme Pomme,Aromatica,50 ml,arôme alimentaire,armoire,1
Arôme vanille,Aromatica,25 ml,arôme alimentaire,armoire,1
Base moussante ,Aromazone,1 L,Tensio Actif,armoire,1
Base moussante consistance,Aromazone,1 L,Tensio Actif,armoire,1
Bentane gel,Elementis,250 ml,,armoire,1
Beurre de cacao blanc,Aromazone,100 g,nourrissant,armoire,1
Beurre de karité,Aromazone,500 mL,actif cosmétique,armoire,1
Bisabolife,Empresa,1 kg,,réserve,1
Bisabolol (dragosantol),Sumrise,100 ml,,réserve,1
Bleu luminaren ,-,100g,,réserve,1
Bleu pk ferro ( Brenntag),-,250g,,réserve,1
Carbonate de calcium,Aromazone,200 g,,armoire,1
Carbone,Montanov,,,réserve,1
Carbopol 1342 (Polymère) ,-,250g,,réserve,1
Carbopol E24 (Polymère) ,-,250g,,réserve,1
Carbopol ETD (Polymère) ,-,250g,,réserve,1
Caséine ,-,500g,,réserve,1
Cire d’abeille ,-,500g,actif cosmétique,réserve,1
Cire de carnauba,-,5kg,actif cosmétique,réserve,1
Cire de carnauba ,-,500g,actif cosmétique,réserve,1
Cire émulsifiante ,,100 g,actif cosmétique,armoire,1
Cocobetaïne,Bioflore,,co-tensioactif,armoire,1
Cocosilicone,Aromazone,100 mL,emollient,armoire,1
Cosgard,Aromazone,100 mL,conservateur,armoire,1
Crème de tartre,,200 g,,armoire,1
Cristaux de menthol,My Cosmetik,40 G,,armoire,1
Decylglucoside AG 6210,Asko Nobel,500 ml,,armoire,1
Desquest ,Brenntag,3*250 ml,-,soute,1
Douceur coco,,,co-tensioactif,armoire,1
Durcal 15,-,5 kg,,soute,1
Durcal 5 1 sceau,-,5kg,,réserve,1
Emulgin,,,,réserve,1
Emulsionnant penulen TR1 ,-,100g,Emulsionnant,réserve,1
Emulsionnant ve,Aromazone,200 g ,epaississsant,armoire,1
Emulsionnant ve,Aromazone,200 g ,epaississsant,armoire,1
"Enzymes (lipase, protéase,….)",Novozymes,,,armoire,1
Ester de sucre,Aromazone,5 g,ester de sucre,armoire,1
Food color,,50g,,armoire,1
Gélisucre,Aromazone,100 mL,émulsifiant,armoire,1
Glycérine végétale,Aromazone,1 L,emollient,armoire,1
Gomme ACACIA,Aromazone,700 g,,réserve,1
Gomme ACACIA,Aromazone,200g,,armoire,1
Gomme adragante,Aromazone,100 g ,epaississant,armoire,1
Gomme adragante ,-,100g,,réserve,1
Gomme karaya ,-,250g,,réserve,1
gomme xanthane,Aromazone,200 g ,epaississant,armoire,1
Gomme xanthane ,,100g,actif cosmétique,réserve,1
Graphite,,,,réserve,1
Gum guar,Aromazone,20 g,gélifiant,armoire,1
Hedipin RH/160,KLK,250 g,,réserve,1
Hedipin RH/250,KLK,250 g,,réserve,1
huile d'amande douce,Aromazone,500 mL,actif cosmétique,armoire,1
Huile de coco,Aromazone,100 mL,huile capillaire,armoire,1
Huile de framboise,Aromazone,100 mL,actif cosmétique,armoire,1
Huile de Jojoba,Aromazone,200 mL,actif cosmétique,armoire,1
Huile de macadamia,Aromazone,750 mL,huile capillaire,armoire,1
Huile de ricin bio,Aromazone,500 mL,actif cosmétique,armoire,1
Huile d'olive,Aromazone,2 L,actif cosmétique,armoire,1
Hydrochromatic white,Cestisa,300 g,,réserve,1
Ifrapon AOS 38P,E$S Chimie,500 ml,,réserve,1
Ifrapon LAM BENZ,E$S Chimie,500 ml,,réserve,1
Ifrapon LOS 2N 28K,E$S Chimie,500 ml,,réserve,1
Ifrapon LS NF K,E$S Chimie,500 ml,,réserve,1
Imbentin SG/45/*AG,KLK,250 g,,réserve,1
Imbentin T/300 70%,KLK,250 g,,réserve,1
Indigo ,-,10g,,réserve,1
Jaune lumar ,-,100g,,réserve,1
Kernel oil ,,100 ml,huile,armoire,1
Kollidon 30,,,,réserve,1
Kollidon CL,,,,réserve,1
Kronopan,,,,réserve,1
Lait d'amande douce (en poudre),Aromazone,50 g,actif cosmétique,armoire,1
Magenta ariabel,-,50g,,réserve,1
Mannaway,Novozymes,50ml,,armoire,1
Mica,-,5 kg,,soute,1
Monostéarate de sorbitan ,-,200g,,réserve,1
Montane 80 ,-,500ml,,réserve,1
Mowilith DM ,-,500ml,,réserve,1
Myristate d'isopropyle,Sigma Aldrich,250 mL,ester,réserve,1
Nansa LSS 38/AS,Huntsman,500 ml,,armoire,1
Oleylamine 20E,Novamax,1L,,réserve,1
Orange,-,25g,,réserve,1
Oxyde de fer jaune,Miyoshi,200 g,pigment minéral,armoire,1
Oxyde de fer noir,Miyoshi,200g,pigment minéral,armoire,1
Oxyde de fer rouge,Miyoshi,200 g,pigment minéral,armoire,1
Paraffine,,,,réserve,1
Peractive,Sepifilm,,,réserve,1
Permusol,,1 kg,,réserve,1
Polyninyl alcool ,-,1kg,,armoire,1
Polyvinyl alcool,,100g,liant/filmogène/modificateur rhéologie,armoire,1
Poudre de jaune d'œuf,,,,réserve,1
Poudre de pierre d'alun,Aromazone,50 g,actif cosmétique,armoire,1
Poudre de siwak,Aromazone,200 g,purifiant,armoire,1
Progress Uno,Novozymes,50ml,,armoire,1
Ricin hydrogène ,,500g,,réserve,1
Rouge ,,100g,colorant,réserve,1
Rouge baiser,Aromazone,5 mL,colorant,armoire,1
Rouge cochenille ,-,100g,colorant,réserve,1
Rouge covalac ,-,100g,colorant,réserve,1
Rouge n°30 ,-,50g,colorant,réserve,1
Rouge vif ,-,100g,colorant,réserve,1
Silice ( SiO2),,,,réserve,1
Simulsol SL62 ,,200ml,,réserve,1
Sodium alginate,Sigma Aldrich,200 g,,armoire,1
Sodium coco sulfate ,Aromazone,100 g ,tensioactif,armoire,1
Sodium cocoyl glutamate,,200 ml,tensio-actif,armoire,1
Softolive,,,emmollient,réserve,1
Solubol,,100 ml,dispersant (solubilisant sans alcool),armoire,1
Span 20,Sigma Aldrich,300 ml,,armoire,1
Talc ,-,500 g,actif cosmétique,réserve,1
Talc ,-,500 g,,soute,1
Tensio actif SLSA,Becose,150 g,tensioactif,armoire,1
Terre de diatomée ,,200 g,,armoire,1
Tixoxil,,,,réserve,1
Tween 80,Sigma Aldrich,1000 ml,,armoire,1
Vanatural XGB Bentonite  Clay,Vanderbilt Minérals,500 g,gomme xanthane + bentonite clay,réserve,1
Vitamine E (tocophérols),Aromazone, 100 mL,conservateur,armoire,1
Wilfares ESA 70J,Wilmar,1000 ml,,réserve,1
